{"cameraMode":{"drawMode":0,"name":"Shaded","section":"Shading Mode"},"sceneLighting":true,"audioPlay":false,"sceneViewState":{"m_AlwaysRefresh":false,"showFog":true,"showSkybox":true,"showFlares":true,"showImageEffects":true,"showParticleSystems":true,"showVisualEffectGraphs":true,"m_FxEnabled":true},"in2DMode":false,"pivot":{"x":-3.1836915016174318,"y":-0.8894438147544861,"z":-1.4434291124343873},"rotation":{"x":0.043229468166828158,"y":-0.9060084223747253,"z":0.09549053013324738,"w":0.4101432263851166},"size":8.31431770324707,"orthographic":false}